{
  "experiment": "exp1",
  "best_dev_auc": 0.5701,
  "params": {
    "hidden1": 512,
    "hidden2": 64,
    "dropout1": 0.4155152925355866,
    "dropout2": 0.30701119091242135,
    "lr": 0.0017164557754294728,
    "weight_decay": 0.00469522143960661
  }
}